{
    "imu_calibration": {
        "gscale": [
            1.0018958725834177,
            0.003268296429425459,
            -0.010314611359590232,
            -0.0029754942950055182,
            0.9984534071944411,
            -0.01843751059867985,
            0.00832951248537975,
            0.016650761390338227,
            0.9969582637040212
        ],
        "gbias": [
            0.004624632496144398,
            -0.011965192180766138,
            -0.01021883317315031
        ],
        "gstddev": [
            0.00326793375832598,
            0.002942194789175017,
            0.0023818047475037255
        ],
        "ascale": [
            0.9965113410713167,
            0.00031275313193157654,
            -0.00836703229426689,
            0,
            0.9981336528176231,
            -0.012969520681894641,
            0.009691511337481844,
            0.015045054175821287,
            0.9904587086437378
        ],
        "abias": [
            0.03152029991816264,
            -0.1532371938957458,
            0.03320722552060736
        ],
        "astddev": [
            0.03280553242876267,
            0.034156483831872385,
            0.05383755198613577
        ],
        "mscale": [
            1.0236883536619685,
            -0.015030532139206094,
            -0.011200380376599667,
            0,
            1.0248834254371488,
            0.0017868676589096004,
            0,
            0,
            0.9386267962933846
        ],
        "mbias": [
            -2.4526431095667822e-05,
            -1.5939951120673737e-05,
            -2.1569649247391783e-05
        ],
        "mstddev": [
            8.849820754479229e-07,
            9.178723339540433e-07,
            1.0587327944038834e-06
        ],
        "temp": 37.91561506409884
    }
}
